CustomersFirstName,CustomersLastName,CustomersEMail,CustomersState,CustomersPhone
Robert,White,robert.white1@mail.com,OH,(230) 295-4582
William,Sanchez,william.sanchez2@emailtest.org,IL,(500) 843-6925
Michael,Robinson,michael.robinson3@mail.com,MA,(346) 471-3287
Nancy,White,nancy.white4@example.com,TX,(645) 361-8433
Charles,Williams,charles.williams5@emailtest.org,AZ,(762) 369-5342
John,Lewis,john.lewis6@emailtest.org,TX,(419) 752-3167
Susan,Garcia,susan.garcia7@example.com,WA,(251) 867-9856
Mary,White,mary.white8@example.com,IN,(361) 258-9320
David,Robinson,david.robinson9@emailtest.org,CO,(275) 750-4492
Matthew,Jones,matthew.jones10@example.com,TN,(774) 209-2832
James,Garcia,james.garcia11@mail.com,PA,(591) 239-8711
William,Johnson,william.johnson12@testmail.com,TX,(572) 641-2146
Betty,Jackson,betty.jackson13@example.com,NC,(723) 684-3780
Sarah,Davis,sarah.davis14@dummyemail.com,WA,(973) 653-9270
Robert,Davis,robert.davis15@dummyemail.com,OH,(538) 755-8633
Margaret,Anderson,margaret.anderson16@testmail.com,TX,(534) 545-7211
Joseph,Thompson,joseph.thompson17@emailtest.org,CA,(792) 226-6111
Christopher,Lewis,christopher.lewis18@dummyemail.com,MA,(830) 751-8921
Mark,Rodriguez,mark.rodriguez19@dummyemail.com,CA,(700) 768-4937
Michael,Hernandez,michael.hernandez20@emailtest.org,MI,(483) 941-9595
Christopher,Perez,christopher.perez21@emailtest.org,IL,(321) 771-7818
Daniel,Martin,daniel.martin22@mail.com,TN,(919) 664-2166
Mark,Wilson,mark.wilson23@emailtest.org,CA,(983) 888-5415
Susan,Johnson,susan.johnson24@mail.com,OK,(408) 473-9998
Jessica,Davis,jessica.davis25@testmail.com,DC,(964) 339-2143
Linda,Ramirez,linda.ramirez26@dummyemail.com,TN,(595) 879-3492
Margaret,Moore,margaret.moore27@mail.com,DC,(440) 846-5708
Margaret,Gonzalez,margaret.gonzalez28@dummyemail.com,AZ,(672) 853-5161
Linda,Lee,linda.lee29@emailtest.org,MA,(516) 651-1546
John,Sanchez,john.sanchez30@emailtest.org,NC,(888) 966-5295
Mark,Moore,mark.moore31@dummyemail.com,OH,(624) 870-2622
Christopher,Martin,christopher.martin32@emailtest.org,CO,(270) 983-4394
Karen,Johnson,karen.johnson33@dummyemail.com,MA,(262) 690-7580
Susan,Anderson,susan.anderson34@testmail.com,OH,(520) 637-6120
Elizabeth,Martin,elizabeth.martin35@example.com,TX,(872) 693-4674
Richard,Williams,richard.williams36@mail.com,TX,(629) 664-6585
Elizabeth,Perez,elizabeth.perez37@example.com,CA,(604) 813-1897
David,Garcia,david.garcia38@emailtest.org,TX,(646) 803-7560
John,Thomas,john.thomas39@dummyemail.com,CA,(719) 275-6085
Christopher,Garcia,christopher.garcia40@dummyemail.com,IN,(572) 581-5634
Sarah,Gonzalez,sarah.gonzalez41@testmail.com,MA,(720) 570-1298
Joseph,Johnson,joseph.johnson42@testmail.com,CA,(439) 746-4918
John,Harris,john.harris43@example.com,OH,(427) 661-6727
Anthony,Jones,anthony.jones44@example.com,OK,(443) 508-2996
Richard,Lopez,richard.lopez45@mail.com,CA,(990) 795-6447
David,Garcia,david.garcia46@dummyemail.com,TX,(944) 634-2293
Christopher,Gonzalez,christopher.gonzalez47@mail.com,DC,(235) 329-2101
Richard,Robinson,richard.robinson48@example.com,TX,(910) 702-4279
Richard,Thompson,richard.thompson49@dummyemail.com,CO,(328) 524-2215
Sarah,Rodriguez,sarah.rodriguez50@mail.com,IN,(806) 794-3526
Susan,Thomas,susan.thomas51@mail.com,TN,(951) 553-7532
Joseph,Thomas,joseph.thomas52@example.com,IN,(446) 420-6781
Michael,Martin,michael.martin53@emailtest.org,CA,(930) 541-8761
Jessica,Rodriguez,jessica.rodriguez54@mail.com,CA,(736) 844-7229
Richard,Hernandez,richard.hernandez55@mail.com,FL,(824) 695-4150
Linda,Davis,linda.davis56@example.com,CA,(623) 538-8739
Sandra,White,sandra.white57@emailtest.org,DC,(543) 491-8444
Richard,Perez,richard.perez58@dummyemail.com,CA,(467) 592-4858
Joseph,White,joseph.white59@emailtest.org,OK,(880) 423-5054
Joseph,Sanchez,joseph.sanchez60@testmail.com,NC,(259) 772-8575
Mark,Gonzalez,mark.gonzalez61@dummyemail.com,AZ,(321) 382-9802
John,Brown,john.brown62@emailtest.org,CA,(611) 649-4839
Elizabeth,Gonzalez,elizabeth.gonzalez63@dummyemail.com,CA,(674) 259-7761
Sandra,Smith,sandra.smith64@testmail.com,TN,(606) 445-6269
Susan,Martinez,susan.martinez65@testmail.com,CO,(711) 763-6530
Daniel,Jones,daniel.jones66@example.com,CA,(875) 699-1257
John,Lopez,john.lopez67@example.com,TX,(869) 865-1519
Jennifer,Robinson,jennifer.robinson68@emailtest.org,OK,(278) 506-3661
Daniel,Williams,daniel.williams69@example.com,MI,(524) 569-2745
William,Thomas,william.thomas70@testmail.com,OH,(695) 278-6916
Jennifer,Gonzalez,jennifer.gonzalez71@example.com,TX,(487) 602-6980
Jessica,Jackson,jessica.jackson72@example.com,CA,(918) 749-2392
Patricia,Martinez,patricia.martinez73@dummyemail.com,CA,(666) 411-9537
Jennifer,Lee,jennifer.lee74@example.com,TX,(806) 639-7370
Margaret,Anderson,margaret.anderson75@testmail.com,TX,(520) 320-4908
John,Jackson,john.jackson76@emailtest.org,CA,(495) 372-8492
Joseph,Ramirez,joseph.ramirez77@mail.com,TN,(369) 830-3281
Matthew,Clark,matthew.clark78@dummyemail.com,MA,(842) 624-7146
Christopher,Sanchez,christopher.sanchez79@testmail.com,NC,(638) 407-3161
Linda,Gonzalez,linda.gonzalez80@mail.com,CA,(591) 992-3181
Thomas,Martin,thomas.martin81@dummyemail.com,CA,(595) 315-4949
Christopher,Thompson,christopher.thompson82@testmail.com,MA,(750) 830-3501
Jennifer,Lopez,jennifer.lopez83@emailtest.org,OH,(736) 265-5308
Jennifer,Robinson,jennifer.robinson84@example.com,CA,(937) 527-5444
Charles,Thomas,charles.thomas85@testmail.com,NY,(224) 438-9872
Thomas,Jones,thomas.jones86@testmail.com,CA,(878) 333-4879
Anthony,Ramirez,anthony.ramirez87@testmail.com,TX,(250) 893-5896
James,Williams,james.williams88@mail.com,TX,(243) 672-1829
Mary,Williams,mary.williams89@example.com,MA,(455) 845-9907
Linda,Rodriguez,linda.rodriguez90@testmail.com,FL,(380) 442-6210
Michael,Sanchez,michael.sanchez91@example.com,NY,(800) 921-3320
Richard,Martinez,richard.martinez92@emailtest.org,MI,(918) 786-7415
Patricia,Clark,patricia.clark93@testmail.com,IL,(501) 220-6221
William,Perez,william.perez94@testmail.com,TX,(702) 357-1893
Mary,Jones,mary.jones95@emailtest.org,WA,(974) 803-4727
Joseph,Robinson,joseph.robinson96@example.com,OH,(351) 780-2641
Linda,Johnson,linda.johnson97@example.com,TX,(518) 487-9054
Robert,Harris,robert.harris98@example.com,TX,(455) 233-8478
Richard,Johnson,richard.johnson99@emailtest.org,TX,(475) 867-7709
David,Rodriguez,david.rodriguez100@example.com,TX,(729) 983-4937
Nancy,Lewis,nancy.lewis101@testmail.com,AZ,(942) 772-3999
Elizabeth,Wilson,elizabeth.wilson102@example.com,OH,(346) 523-3954
Michael,White,michael.white103@mail.com,NY,(841) 951-5076
Linda,White,linda.white104@dummyemail.com,PA,(575) 928-1612
Thomas,Rodriguez,thomas.rodriguez105@dummyemail.com,IN,(489) 316-2741
Elizabeth,Lopez,elizabeth.lopez106@testmail.com,OK,(209) 341-3793
Betty,Jackson,betty.jackson107@dummyemail.com,DC,(900) 944-3140
Margaret,Thomas,margaret.thomas108@mail.com,CA,(484) 251-9305
Elizabeth,Lewis,elizabeth.lewis109@emailtest.org,FL,(428) 665-6439
Michael,Brown,michael.brown110@dummyemail.com,TX,(247) 848-3018
Matthew,Davis,matthew.davis111@testmail.com,AZ,(622) 816-9393
Nancy,Thompson,nancy.thompson112@mail.com,NY,(309) 225-7240
Anthony,Davis,anthony.davis113@testmail.com,MI,(994) 942-4170
Elizabeth,Thomas,elizabeth.thomas114@emailtest.org,IN,(388) 733-2117
Betty,Taylor,betty.taylor115@emailtest.org,TX,(284) 298-3742
John,Jackson,john.jackson116@dummyemail.com,MA,(643) 523-1276
Richard,Sanchez,richard.sanchez117@example.com,NY,(768) 344-3019
Christopher,Davis,christopher.davis118@emailtest.org,CA,(536) 831-6008
Anthony,Jackson,anthony.jackson119@testmail.com,TX,(752) 683-3435
Matthew,Thomas,matthew.thomas120@dummyemail.com,CA,(730) 569-7358
Anthony,Ramirez,anthony.ramirez121@example.com,IN,(650) 369-4768
Jennifer,Jones,jennifer.jones122@dummyemail.com,CA,(464) 384-9464
Karen,Jackson,karen.jackson123@dummyemail.com,TX,(407) 735-9263
Betty,White,betty.white124@testmail.com,TX,(984) 438-2373
Karen,Rodriguez,karen.rodriguez125@testmail.com,WA,(383) 579-8925
John,Rodriguez,john.rodriguez126@mail.com,TX,(493) 928-1941
Charles,Miller,charles.miller127@testmail.com,CA,(796) 556-6693
Daniel,Davis,daniel.davis128@dummyemail.com,NY,(454) 494-2523
Matthew,Brown,matthew.brown129@dummyemail.com,CA,(580) 835-6167
Nancy,Miller,nancy.miller130@mail.com,DC,(391) 761-5306
William,Moore,william.moore131@dummyemail.com,CA,(460) 687-2577
Joseph,Lee,joseph.lee132@testmail.com,CO,(273) 281-3654
John,Lee,john.lee133@example.com,NC,(334) 739-3795
Barbara,Martinez,barbara.martinez134@emailtest.org,CA,(984) 640-5799
Michael,Hernandez,michael.hernandez135@dummyemail.com,PA,(488) 475-3048
Anthony,Smith,anthony.smith136@emailtest.org,MI,(403) 671-2539
William,Jackson,william.jackson137@testmail.com,CO,(904) 810-3539
Lisa,Jones,lisa.jones138@emailtest.org,CA,(913) 701-4109
Christopher,Hernandez,christopher.hernandez139@dummyemail.com,AZ,(232) 406-2753
Linda,Moore,linda.moore140@example.com,CO,(771) 967-7802
Sarah,Miller,sarah.miller141@testmail.com,NC,(200) 943-1567
Charles,Gonzalez,charles.gonzalez142@emailtest.org,PA,(906) 919-2562
Mary,Perez,mary.perez143@dummyemail.com,IN,(427) 642-5747
David,Lopez,david.lopez144@example.com,FL,(838) 349-8216
Sarah,Thomas,sarah.thomas145@example.com,TX,(244) 461-3790
Richard,White,richard.white146@example.com,MA,(441) 713-5519
Christopher,Jones,christopher.jones147@emailtest.org,TN,(338) 640-3378
Matthew,Martin,matthew.martin148@mail.com,CA,(567) 281-8808
David,Ramirez,david.ramirez149@emailtest.org,DC,(937) 520-7457
Karen,Robinson,karen.robinson150@example.com,MA,(292) 939-9202
Margaret,Jones,margaret.jones151@testmail.com,CA,(947) 987-8311
Anthony,Clark,anthony.clark152@emailtest.org,MA,(237) 348-1531
Elizabeth,Thomas,elizabeth.thomas153@emailtest.org,OH,(414) 912-4425
Sarah,Sanchez,sarah.sanchez154@emailtest.org,TX,(515) 507-9301
Charles,White,charles.white155@testmail.com,CO,(562) 267-3446
Jennifer,Brown,jennifer.brown156@mail.com,IN,(694) 712-3524
Thomas,Harris,thomas.harris157@testmail.com,MA,(528) 405-4154
Susan,Gonzalez,susan.gonzalez158@example.com,TX,(930) 976-9740
Joseph,Thomas,joseph.thomas159@emailtest.org,CA,(374) 489-6711
Charles,Sanchez,charles.sanchez160@testmail.com,MI,(317) 806-8584
Sarah,Martinez,sarah.martinez161@dummyemail.com,TX,(506) 783-5989
Richard,Wilson,richard.wilson162@mail.com,TX,(593) 568-7835
Thomas,Rodriguez,thomas.rodriguez163@emailtest.org,CO,(921) 577-2854
Mark,Thomas,mark.thomas164@emailtest.org,CA,(236) 911-5981
Robert,Martin,robert.martin165@mail.com,TX,(943) 852-3740
Nancy,Hernandez,nancy.hernandez166@testmail.com,MA,(642) 825-5466
Karen,Lee,karen.lee167@testmail.com,TX,(389) 313-4018
Christopher,Brown,christopher.brown168@dummyemail.com,IL,(995) 656-1307
Christopher,Miller,christopher.miller169@dummyemail.com,CA,(309) 845-6886
Sandra,Robinson,sandra.robinson170@emailtest.org,PA,(514) 299-8474
Patricia,Sanchez,patricia.sanchez171@example.com,CA,(206) 207-3939
Linda,Miller,linda.miller172@testmail.com,IN,(675) 988-4409
Matthew,Brown,matthew.brown173@emailtest.org,TX,(425) 275-8716
Jennifer,Harris,jennifer.harris174@example.com,MA,(791) 766-4763
Thomas,Gonzalez,thomas.gonzalez175@dummyemail.com,CA,(771) 971-1203
Thomas,Johnson,thomas.johnson176@emailtest.org,TX,(835) 543-1898
Barbara,Lewis,barbara.lewis177@emailtest.org,IL,(553) 663-8966
Robert,Thomas,robert.thomas178@dummyemail.com,OH,(335) 685-6680
Matthew,Ramirez,matthew.ramirez179@mail.com,PA,(928) 748-5673
Richard,Robinson,richard.robinson180@dummyemail.com,NY,(719) 539-5842
Thomas,Davis,thomas.davis181@emailtest.org,WA,(893) 887-2431
Elizabeth,Garcia,elizabeth.garcia182@dummyemail.com,DC,(347) 412-5968
Lisa,Anderson,lisa.anderson183@dummyemail.com,CA,(327) 869-5713
Mary,Martinez,mary.martinez184@emailtest.org,OK,(983) 296-3738
Michael,Sanchez,michael.sanchez185@example.com,TN,(627) 671-2251
Daniel,Harris,daniel.harris186@emailtest.org,CA,(310) 233-9412
Elizabeth,Garcia,elizabeth.garcia187@dummyemail.com,IN,(575) 914-4033
Jessica,Brown,jessica.brown188@testmail.com,TX,(431) 767-7672
David,Miller,david.miller189@dummyemail.com,MI,(485) 983-5472
Patricia,Harris,patricia.harris190@emailtest.org,TX,(877) 709-9032
Mary,Gonzalez,mary.gonzalez191@mail.com,TX,(228) 804-1739
James,Moore,james.moore192@emailtest.org,IN,(473) 220-8695
Charles,Hernandez,charles.hernandez193@emailtest.org,TX,(278) 867-5945
Sandra,Jackson,sandra.jackson194@testmail.com,FL,(351) 446-3465
Susan,Lee,susan.lee195@example.com,NY,(484) 874-3883
Karen,Brown,karen.brown196@example.com,MI,(633) 423-3363
James,Robinson,james.robinson197@dummyemail.com,CA,(364) 649-6196
Joseph,Sanchez,joseph.sanchez198@example.com,MA,(521) 789-2347
Daniel,Ramirez,daniel.ramirez199@emailtest.org,TX,(291) 576-3787
Margaret,Hernandez,margaret.hernandez200@example.com,MI,(274) 297-1962
Robert,Williams,robert.williams201@testmail.com,TX,(245) 330-9179
Joseph,Wilson,joseph.wilson202@example.com,TN,(696) 668-9077
Elizabeth,Perez,elizabeth.perez203@dummyemail.com,TX,(357) 229-2328
John,Gonzalez,john.gonzalez204@testmail.com,NY,(366) 597-7592
Jennifer,Wilson,jennifer.wilson205@dummyemail.com,TX,(892) 429-3540
Joseph,Perez,joseph.perez206@example.com,CO,(987) 715-1266
James,Smith,james.smith207@testmail.com,NC,(873) 962-8974
Jessica,Wilson,jessica.wilson208@mail.com,CA,(220) 660-4975
Elizabeth,White,elizabeth.white209@emailtest.org,IN,(801) 901-6556
Michael,Moore,michael.moore210@example.com,TX,(378) 715-1523
Jennifer,Lee,jennifer.lee211@example.com,TN,(980) 718-9165
James,Thompson,james.thompson212@example.com,TX,(644) 262-7443
Sarah,Martin,sarah.martin213@emailtest.org,OK,(508) 286-1605
Barbara,Rodriguez,barbara.rodriguez214@dummyemail.com,OK,(659) 505-1085
Susan,Clark,susan.clark215@testmail.com,AZ,(419) 656-2279
Jessica,Johnson,jessica.johnson216@example.com,OH,(323) 578-5744
Charles,Martinez,charles.martinez217@dummyemail.com,MI,(980) 341-9270
Sarah,Williams,sarah.williams218@emailtest.org,CO,(393) 968-8796
John,Brown,john.brown219@testmail.com,PA,(986) 291-3526
Patricia,Rodriguez,patricia.rodriguez220@example.com,IL,(229) 617-4829
Michael,Jackson,michael.jackson221@example.com,CO,(507) 291-7476
James,Perez,james.perez222@example.com,IL,(751) 231-8293
William,Thomas,william.thomas223@dummyemail.com,MA,(313) 484-9197
William,Robinson,william.robinson224@mail.com,TX,(542) 283-1415
John,Harris,john.harris225@dummyemail.com,CO,(287) 262-1546
Mark,Martin,mark.martin226@example.com,IN,(801) 397-2769
Nancy,Jones,nancy.jones227@example.com,OH,(400) 405-4297
Michael,Davis,michael.davis228@testmail.com,PA,(571) 210-2208
Betty,Martin,betty.martin229@testmail.com,TX,(745) 587-7131
Jessica,Taylor,jessica.taylor230@testmail.com,TN,(932) 706-8762
Joseph,Taylor,joseph.taylor231@testmail.com,OH,(576) 709-6194
Elizabeth,White,elizabeth.white232@testmail.com,AZ,(467) 208-5906
Susan,Harris,susan.harris233@testmail.com,WA,(583) 342-3102
Charles,Ramirez,charles.ramirez234@testmail.com,WA,(392) 686-2779
Thomas,Smith,thomas.smith235@example.com,TX,(749) 628-8835
Sandra,Jackson,sandra.jackson236@testmail.com,MI,(494) 861-8476
Matthew,Moore,matthew.moore237@testmail.com,OK,(619) 661-3700
Lisa,Gonzalez,lisa.gonzalez238@emailtest.org,NC,(382) 421-1564
Christopher,Miller,christopher.miller239@testmail.com,TX,(418) 308-6842
Sandra,Jackson,sandra.jackson240@testmail.com,CO,(438) 221-3032
Nancy,Thompson,nancy.thompson241@dummyemail.com,PA,(844) 206-2058
Thomas,Martin,thomas.martin242@emailtest.org,OK,(637) 285-5918
Richard,White,richard.white243@emailtest.org,IL,(239) 327-7304
Thomas,Robinson,thomas.robinson244@emailtest.org,TN,(712) 745-7271
Jennifer,Garcia,jennifer.garcia245@mail.com,PA,(312) 661-4482
Matthew,Rodriguez,matthew.rodriguez246@dummyemail.com,FL,(522) 445-6918
Anthony,Hernandez,anthony.hernandez247@dummyemail.com,TX,(439) 821-8938
Nancy,Moore,nancy.moore248@testmail.com,TX,(932) 229-3625
Betty,Davis,betty.davis249@example.com,TX,(548) 958-4082
David,Jones,david.jones250@emailtest.org,DC,(349) 964-1562
Susan,Perez,susan.perez251@emailtest.org,IN,(489) 913-4196
Nancy,Clark,nancy.clark252@emailtest.org,PA,(320) 727-6545
John,Brown,john.brown253@emailtest.org,CO,(480) 910-2549
Charles,Miller,charles.miller254@testmail.com,OK,(286) 327-9292
Mary,Miller,mary.miller255@mail.com,WA,(805) 567-5544
David,Sanchez,david.sanchez256@emailtest.org,IL,(327) 744-2802
Charles,Ramirez,charles.ramirez257@testmail.com,PA,(969) 598-3960
Susan,Taylor,susan.taylor258@example.com,OH,(292) 849-2302
Linda,White,linda.white259@testmail.com,TX,(430) 379-2230
Sandra,Anderson,sandra.anderson260@example.com,DC,(536) 505-6798
Mark,Ramirez,mark.ramirez261@example.com,CA,(604) 631-6426
Jessica,Williams,jessica.williams262@testmail.com,PA,(487) 985-2884
Margaret,Johnson,margaret.johnson263@emailtest.org,CA,(636) 690-2005
Barbara,Hernandez,barbara.hernandez264@emailtest.org,OK,(539) 569-6920
Lisa,Jones,lisa.jones265@testmail.com,TN,(977) 773-6690
Matthew,Taylor,matthew.taylor266@emailtest.org,TX,(388) 203-3621
Lisa,Jones,lisa.jones267@mail.com,MA,(564) 424-5582
Jennifer,Lee,jennifer.lee268@dummyemail.com,TX,(271) 346-2180
Linda,Johnson,linda.johnson269@example.com,NY,(305) 757-5861
Barbara,Robinson,barbara.robinson270@mail.com,IN,(814) 385-7967
Robert,Williams,robert.williams271@emailtest.org,TX,(634) 692-7782
James,Miller,james.miller272@testmail.com,CA,(569) 997-3283
John,Davis,john.davis273@dummyemail.com,CA,(966) 740-5907
Susan,Robinson,susan.robinson274@mail.com,AZ,(610) 833-1917
John,Miller,john.miller275@emailtest.org,TX,(446) 475-2393
Jessica,Jackson,jessica.jackson276@mail.com,IL,(935) 437-4533
Margaret,Martinez,margaret.martinez277@testmail.com,TX,(502) 365-2116
Barbara,Williams,barbara.williams278@mail.com,TX,(835) 859-1934
Michael,Gonzalez,michael.gonzalez279@example.com,CA,(919) 959-8802
Anthony,Johnson,anthony.johnson280@emailtest.org,TX,(629) 693-8790
Lisa,Smith,lisa.smith281@emailtest.org,CA,(963) 392-7884
Joseph,Wilson,joseph.wilson282@testmail.com,TX,(875) 905-8167
Richard,Brown,richard.brown283@emailtest.org,OH,(207) 583-4668
Daniel,Sanchez,daniel.sanchez284@mail.com,OK,(766) 362-6282
Patricia,Jones,patricia.jones285@dummyemail.com,CA,(412) 600-2649
Sarah,Smith,sarah.smith286@emailtest.org,DC,(748) 223-9486
Richard,Robinson,richard.robinson287@mail.com,TX,(797) 984-6105
Anthony,Lewis,anthony.lewis288@testmail.com,TX,(530) 639-4046
Jessica,Thomas,jessica.thomas289@mail.com,NC,(815) 534-7272
Matthew,Hernandez,matthew.hernandez290@testmail.com,TN,(705) 856-2989
William,Hernandez,william.hernandez291@mail.com,AZ,(322) 329-6231
John,Williams,john.williams292@testmail.com,NC,(392) 699-2712
Nancy,Taylor,nancy.taylor293@dummyemail.com,IL,(641) 417-3467
Patricia,Johnson,patricia.johnson294@dummyemail.com,WA,(482) 431-7628
Nancy,Williams,nancy.williams295@mail.com,NY,(638) 542-1341
Joseph,Thomas,joseph.thomas296@testmail.com,TX,(669) 213-6777
Mark,Robinson,mark.robinson297@testmail.com,TX,(803) 627-5526
Barbara,Perez,barbara.perez298@example.com,CA,(881) 987-3540
Nancy,Harris,nancy.harris299@emailtest.org,TX,(512) 287-5871
Matthew,Jones,matthew.jones300@example.com,FL,(835) 756-5806
Sarah,White,sarah.white301@emailtest.org,MA,(936) 206-8945
Anthony,Martin,anthony.martin302@mail.com,MA,(389) 345-4943
Elizabeth,Johnson,elizabeth.johnson303@example.com,AZ,(940) 669-5536
Jennifer,Jackson,jennifer.jackson304@emailtest.org,TN,(802) 794-6703
Margaret,White,margaret.white305@mail.com,TX,(915) 660-7187
Jennifer,Perez,jennifer.perez306@emailtest.org,TX,(712) 560-6840
John,Ramirez,john.ramirez307@dummyemail.com,CA,(825) 712-6115
Mark,Moore,mark.moore308@dummyemail.com,CA,(719) 430-6738
David,Wilson,david.wilson309@emailtest.org,NY,(622) 965-9785
Thomas,Lewis,thomas.lewis310@testmail.com,CA,(620) 922-8966
Michael,Gonzalez,michael.gonzalez311@example.com,TX,(232) 754-6698
Lisa,Robinson,lisa.robinson312@testmail.com,IL,(989) 755-5846
Susan,Johnson,susan.johnson313@testmail.com,IL,(384) 464-5524
Daniel,Johnson,daniel.johnson314@mail.com,IN,(315) 723-2268
Nancy,White,nancy.white315@dummyemail.com,CO,(788) 845-9982
Barbara,Williams,barbara.williams316@dummyemail.com,MA,(819) 435-8355
Susan,Smith,susan.smith317@dummyemail.com,IN,(632) 562-3088
Charles,Lopez,charles.lopez318@example.com,NC,(720) 939-5576
Matthew,Brown,matthew.brown319@example.com,TX,(720) 972-3766
Lisa,Perez,lisa.perez320@dummyemail.com,TX,(719) 543-5523
Anthony,Garcia,anthony.garcia321@example.com,MA,(728) 940-4509
Betty,Lee,betty.lee322@dummyemail.com,CA,(424) 315-5706
Sarah,Harris,sarah.harris323@testmail.com,NC,(608) 466-1895
David,Robinson,david.robinson324@emailtest.org,TX,(748) 403-3572
William,White,william.white325@example.com,IL,(275) 716-7805
Richard,Lopez,richard.lopez326@dummyemail.com,CO,(606) 989-4802
Elizabeth,White,elizabeth.white327@emailtest.org,DC,(205) 474-4427
Mary,Lewis,mary.lewis328@testmail.com,AZ,(628) 608-1151
Daniel,Brown,daniel.brown329@testmail.com,DC,(808) 360-2093
Betty,Taylor,betty.taylor330@mail.com,OK,(954) 830-8756
Anthony,Wilson,anthony.wilson331@example.com,WA,(867) 556-3916
Sandra,Smith,sandra.smith332@testmail.com,TX,(912) 921-5145
Joseph,Lee,joseph.lee333@testmail.com,TX,(870) 828-1273
Daniel,Taylor,daniel.taylor334@emailtest.org,WA,(320) 549-8639
Daniel,Martinez,daniel.martinez335@mail.com,OH,(392) 479-4264
Betty,Perez,betty.perez336@testmail.com,MI,(292) 725-4452
Charles,Thompson,charles.thompson337@dummyemail.com,MI,(815) 545-8906
Jennifer,Anderson,jennifer.anderson338@mail.com,CA,(282) 389-4869
Mark,Martinez,mark.martinez339@mail.com,FL,(885) 958-1440
Elizabeth,Martinez,elizabeth.martinez340@example.com,OH,(367) 607-9476
Thomas,Lopez,thomas.lopez341@example.com,TX,(634) 744-7282
Patricia,Lopez,patricia.lopez342@mail.com,PA,(747) 296-3065
Richard,Smith,richard.smith343@emailtest.org,TX,(510) 830-9422
William,Rodriguez,william.rodriguez344@example.com,CA,(926) 532-4621
Mary,Perez,mary.perez345@testmail.com,IL,(965) 742-7048
Matthew,Miller,matthew.miller346@emailtest.org,MA,(880) 903-6206
James,Martin,james.martin347@mail.com,CO,(223) 532-5095
Joseph,Anderson,joseph.anderson348@mail.com,NC,(856) 313-6427
Robert,Robinson,robert.robinson349@mail.com,TX,(669) 926-9053
Elizabeth,Thomas,elizabeth.thomas350@example.com,AZ,(593) 463-4734
Jennifer,Thomas,jennifer.thomas351@emailtest.org,CA,(429) 353-5559
Charles,Taylor,charles.taylor352@emailtest.org,CA,(381) 241-5354
Betty,Lee,betty.lee353@testmail.com,DC,(704) 846-3892
Matthew,Wilson,matthew.wilson354@mail.com,MA,(387) 398-2781
Susan,Jackson,susan.jackson355@testmail.com,OH,(861) 343-8485
David,Rodriguez,david.rodriguez356@dummyemail.com,CA,(967) 275-6317
Joseph,Davis,joseph.davis357@dummyemail.com,TX,(343) 322-7730
Betty,Taylor,betty.taylor358@mail.com,OK,(483) 676-8393
Joseph,Lee,joseph.lee359@example.com,TX,(411) 515-3975
Jennifer,Taylor,jennifer.taylor360@testmail.com,TX,(958) 819-6871
James,Rodriguez,james.rodriguez361@emailtest.org,CA,(778) 209-3096
Mary,Moore,mary.moore362@dummyemail.com,TX,(557) 428-2509
Robert,Davis,robert.davis363@emailtest.org,MI,(934) 613-5625
Margaret,Clark,margaret.clark364@testmail.com,DC,(758) 650-2930
Sarah,Thompson,sarah.thompson365@dummyemail.com,OH,(284) 716-3991
Christopher,Ramirez,christopher.ramirez366@testmail.com,OH,(485) 250-7567
Susan,Gonzalez,susan.gonzalez367@emailtest.org,CA,(343) 611-3022
Mary,Gonzalez,mary.gonzalez368@emailtest.org,PA,(976) 498-4680
Karen,Taylor,karen.taylor369@mail.com,CO,(789) 297-2924
Anthony,Perez,anthony.perez370@mail.com,CA,(669) 915-5311
Michael,Jackson,michael.jackson371@mail.com,PA,(833) 912-2244
James,Ramirez,james.ramirez372@emailtest.org,WA,(396) 622-4048
Patricia,Sanchez,patricia.sanchez373@emailtest.org,NC,(788) 254-8540
Nancy,Anderson,nancy.anderson374@emailtest.org,CO,(616) 347-9841
Richard,Jackson,richard.jackson375@example.com,TN,(341) 551-3998
James,Taylor,james.taylor376@mail.com,NY,(776) 583-2136
Betty,Anderson,betty.anderson377@dummyemail.com,FL,(445) 702-4085
Betty,Harris,betty.harris378@mail.com,TX,(514) 801-9893
Michael,Thomas,michael.thomas379@testmail.com,TX,(497) 204-4938
Matthew,Thomas,matthew.thomas380@example.com,TN,(331) 878-4653
Robert,Taylor,robert.taylor381@example.com,CA,(597) 388-2369
Margaret,Anderson,margaret.anderson382@example.com,PA,(760) 525-1929
John,Smith,john.smith383@emailtest.org,TX,(966) 443-9037
David,Hernandez,david.hernandez384@emailtest.org,CA,(929) 395-4188
Susan,Garcia,susan.garcia385@dummyemail.com,TX,(479) 963-3553
Michael,White,michael.white386@testmail.com,DC,(797) 657-8783
Jessica,Garcia,jessica.garcia387@emailtest.org,CO,(658) 220-9057
Thomas,Rodriguez,thomas.rodriguez388@dummyemail.com,CA,(917) 513-5310
Betty,Taylor,betty.taylor389@testmail.com,MI,(765) 397-9008
Robert,Miller,robert.miller390@example.com,NY,(902) 438-4444
Daniel,Brown,daniel.brown391@emailtest.org,OK,(366) 604-5861
Lisa,Perez,lisa.perez392@testmail.com,TX,(661) 566-8871
David,Gonzalez,david.gonzalez393@mail.com,OH,(354) 807-4013
Elizabeth,Lee,elizabeth.lee394@testmail.com,TX,(742) 488-6588
Daniel,Jackson,daniel.jackson395@dummyemail.com,CA,(520) 723-2566
Betty,Rodriguez,betty.rodriguez396@testmail.com,MA,(811) 819-2972
Karen,Anderson,karen.anderson397@testmail.com,TX,(923) 821-8427
Jennifer,Thompson,jennifer.thompson398@dummyemail.com,IL,(551) 968-2139
Matthew,Davis,matthew.davis399@dummyemail.com,TX,(219) 722-5745
David,Lewis,david.lewis400@dummyemail.com,NY,(817) 867-9385
