Name,CustomersEMail,CustomersState
Nancy White,nancy.white4@example.com,TX
John Lewis,john.lewis6@emailtest.org,TX
William Johnson,william.johnson12@testmail.com,TX
Margaret Anderson,margaret.anderson16@testmail.com,TX
Elizabeth Martin,elizabeth.martin35@example.com,TX
Richard Williams,richard.williams36@mail.com,TX
David Garcia,david.garcia38@emailtest.org,TX
David Garcia,david.garcia46@dummyemail.com,TX
Richard Robinson,richard.robinson48@example.com,TX
John Lopez,john.lopez67@example.com,TX
Jennifer Gonzalez,jennifer.gonzalez71@example.com,TX
Jennifer Lee,jennifer.lee74@example.com,TX
Margaret Anderson,margaret.anderson75@testmail.com,TX
Anthony Ramirez,anthony.ramirez87@testmail.com,TX
James Williams,james.williams88@mail.com,TX
William Perez,william.perez94@testmail.com,TX
Linda Johnson,linda.johnson97@example.com,TX
Robert Harris,robert.harris98@example.com,TX
Richard Johnson,richard.johnson99@emailtest.org,TX
David Rodriguez,david.rodriguez100@example.com,TX
Michael Brown,michael.brown110@dummyemail.com,TX
Betty Taylor,betty.taylor115@emailtest.org,TX
Anthony Jackson,anthony.jackson119@testmail.com,TX
Karen Jackson,karen.jackson123@dummyemail.com,TX
Betty White,betty.white124@testmail.com,TX
John Rodriguez,john.rodriguez126@mail.com,TX
Sarah Thomas,sarah.thomas145@example.com,TX
Sarah Sanchez,sarah.sanchez154@emailtest.org,TX
Susan Gonzalez,susan.gonzalez158@example.com,TX
Sarah Martinez,sarah.martinez161@dummyemail.com,TX
Richard Wilson,richard.wilson162@mail.com,TX
Robert Martin,robert.martin165@mail.com,TX
Karen Lee,karen.lee167@testmail.com,TX
Matthew Brown,matthew.brown173@emailtest.org,TX
Thomas Johnson,thomas.johnson176@emailtest.org,TX
Jessica Brown,jessica.brown188@testmail.com,TX
Patricia Harris,patricia.harris190@emailtest.org,TX
Mary Gonzalez,mary.gonzalez191@mail.com,TX
Charles Hernandez,charles.hernandez193@emailtest.org,TX
Daniel Ramirez,daniel.ramirez199@emailtest.org,TX
Robert Williams,robert.williams201@testmail.com,TX
Elizabeth Perez,elizabeth.perez203@dummyemail.com,TX
Jennifer Wilson,jennifer.wilson205@dummyemail.com,TX
Michael Moore,michael.moore210@example.com,TX
James Thompson,james.thompson212@example.com,TX
William Robinson,william.robinson224@mail.com,TX
Betty Martin,betty.martin229@testmail.com,TX
Thomas Smith,thomas.smith235@example.com,TX
Christopher Miller,christopher.miller239@testmail.com,TX
Anthony Hernandez,anthony.hernandez247@dummyemail.com,TX
Nancy Moore,nancy.moore248@testmail.com,TX
Betty Davis,betty.davis249@example.com,TX
Linda White,linda.white259@testmail.com,TX
Matthew Taylor,matthew.taylor266@emailtest.org,TX
Jennifer Lee,jennifer.lee268@dummyemail.com,TX
Robert Williams,robert.williams271@emailtest.org,TX
John Miller,john.miller275@emailtest.org,TX
Margaret Martinez,margaret.martinez277@testmail.com,TX
Barbara Williams,barbara.williams278@mail.com,TX
Anthony Johnson,anthony.johnson280@emailtest.org,TX
Joseph Wilson,joseph.wilson282@testmail.com,TX
Richard Robinson,richard.robinson287@mail.com,TX
Anthony Lewis,anthony.lewis288@testmail.com,TX
Joseph Thomas,joseph.thomas296@testmail.com,TX
Mark Robinson,mark.robinson297@testmail.com,TX
Nancy Harris,nancy.harris299@emailtest.org,TX
Margaret White,margaret.white305@mail.com,TX
Jennifer Perez,jennifer.perez306@emailtest.org,TX
Michael Gonzalez,michael.gonzalez311@example.com,TX
Matthew Brown,matthew.brown319@example.com,TX
Lisa Perez,lisa.perez320@dummyemail.com,TX
David Robinson,david.robinson324@emailtest.org,TX
Sandra Smith,sandra.smith332@testmail.com,TX
Joseph Lee,joseph.lee333@testmail.com,TX
Thomas Lopez,thomas.lopez341@example.com,TX
Richard Smith,richard.smith343@emailtest.org,TX
Robert Robinson,robert.robinson349@mail.com,TX
Joseph Davis,joseph.davis357@dummyemail.com,TX
Joseph Lee,joseph.lee359@example.com,TX
Jennifer Taylor,jennifer.taylor360@testmail.com,TX
Mary Moore,mary.moore362@dummyemail.com,TX
Betty Harris,betty.harris378@mail.com,TX
Michael Thomas,michael.thomas379@testmail.com,TX
John Smith,john.smith383@emailtest.org,TX
Susan Garcia,susan.garcia385@dummyemail.com,TX
Lisa Perez,lisa.perez392@testmail.com,TX
Elizabeth Lee,elizabeth.lee394@testmail.com,TX
Karen Anderson,karen.anderson397@testmail.com,TX
Matthew Davis,matthew.davis399@dummyemail.com,TX
Sarah Martin,sarah.martin401@example.com,TX
James Martinez,james.martinez411@example.com,TX
Jessica Hernandez,jessica.hernandez413@testmail.com,TX
David Lopez,david.lopez418@example.com,TX
Mary Martinez,mary.martinez425@emailtest.org,TX
Mary Clark,mary.clark430@mail.com,TX
James Lee,james.lee431@mail.com,TX
Elizabeth Lewis,elizabeth.lewis432@example.com,TX
Jessica Smith,jessica.smith433@mail.com,TX
Lisa Thompson,lisa.thompson435@example.com,TX
John Hernandez,john.hernandez438@mail.com,TX
Daniel Wilson,daniel.wilson439@emailtest.org,TX
Nancy Miller,nancy.miller440@dummyemail.com,TX
William Miller,william.miller445@dummyemail.com,TX
Nancy Garcia,nancy.garcia453@emailtest.org,TX
Sandra Harris,sandra.harris455@example.com,TX
Linda Lee,linda.lee459@emailtest.org,TX
Sandra Clark,sandra.clark473@testmail.com,TX
Elizabeth Smith,elizabeth.smith485@mail.com,TX
Lisa Martinez,lisa.martinez491@dummyemail.com,TX
Susan Smith,susan.smith496@testmail.com,TX
Sarah Wilson,sarah.wilson498@dummyemail.com,TX
Nancy White,nancy.white499@mail.com,TX
John Thomas,john.thomas506@mail.com,TX
John Thompson,john.thompson508@dummyemail.com,TX
Sandra Garcia,sandra.garcia509@example.com,TX
Joseph Martinez,joseph.martinez512@emailtest.org,TX
John Brown,john.brown514@example.com,TX
Mark Davis,mark.davis518@mail.com,TX
James Garcia,james.garcia519@testmail.com,TX
Matthew Clark,matthew.clark520@mail.com,TX
Richard Garcia,richard.garcia538@mail.com,TX
David White,david.white539@testmail.com,TX
Elizabeth Williams,elizabeth.williams540@dummyemail.com,TX
Michael Clark,michael.clark547@testmail.com,TX
Richard Ramirez,richard.ramirez553@example.com,TX
Mary Gonzalez,mary.gonzalez557@dummyemail.com,TX
Barbara Lewis,barbara.lewis561@dummyemail.com,TX
Christopher Hernandez,christopher.hernandez564@example.com,TX
Elizabeth Perez,elizabeth.perez565@mail.com,TX
Elizabeth Martin,elizabeth.martin569@mail.com,TX
Robert Thomas,robert.thomas579@dummyemail.com,TX
William Brown,william.brown581@mail.com,TX
Daniel Thomas,daniel.thomas582@emailtest.org,TX
Richard Davis,richard.davis590@emailtest.org,TX
Christopher Hernandez,christopher.hernandez594@mail.com,TX
Mary Martinez,mary.martinez597@testmail.com,TX
Thomas Rodriguez,thomas.rodriguez600@example.com,TX
Mary Garcia,mary.garcia606@mail.com,TX
Margaret Williams,margaret.williams610@testmail.com,TX
Michael Williams,michael.williams615@mail.com,TX
Nancy Ramirez,nancy.ramirez616@example.com,TX
Matthew Jones,matthew.jones617@emailtest.org,TX
Margaret Smith,margaret.smith633@testmail.com,TX
Michael Martin,michael.martin638@testmail.com,TX
Lisa Sanchez,lisa.sanchez639@mail.com,TX
William Thompson,william.thompson643@dummyemail.com,TX
Karen Lewis,karen.lewis646@dummyemail.com,TX
Barbara Taylor,barbara.taylor651@example.com,TX
Michael Brown,michael.brown652@emailtest.org,TX
Richard Gonzalez,richard.gonzalez656@dummyemail.com,TX
Christopher Thomas,christopher.thomas660@mail.com,TX
Barbara Williams,barbara.williams662@testmail.com,TX
Mary Perez,mary.perez668@dummyemail.com,TX
Joseph Gonzalez,joseph.gonzalez678@testmail.com,TX
Michael Davis,michael.davis683@emailtest.org,TX
Jennifer Martinez,jennifer.martinez685@mail.com,TX
John Brown,john.brown690@testmail.com,TX
Sandra Hernandez,sandra.hernandez693@example.com,TX
James Moore,james.moore696@example.com,TX
James Jones,james.jones697@testmail.com,TX
Margaret Davis,margaret.davis707@dummyemail.com,TX
Charles Thompson,charles.thompson727@emailtest.org,TX
James Harris,james.harris729@example.com,TX
James Rodriguez,james.rodriguez734@mail.com,TX
Daniel Thompson,daniel.thompson743@example.com,TX
Lisa Martinez,lisa.martinez745@dummyemail.com,TX
Michael Lewis,michael.lewis746@emailtest.org,TX
Patricia Thompson,patricia.thompson752@emailtest.org,TX
Charles Wilson,charles.wilson758@example.com,TX
Barbara Martin,barbara.martin760@dummyemail.com,TX
Barbara Lee,barbara.lee780@emailtest.org,TX
Thomas Hernandez,thomas.hernandez787@emailtest.org,TX
Jennifer Thomas,jennifer.thomas791@dummyemail.com,TX
Sandra Lopez,sandra.lopez793@example.com,TX
Charles Gonzalez,charles.gonzalez797@dummyemail.com,TX
John Robinson,john.robinson806@emailtest.org,TX
Sarah Thompson,sarah.thompson809@mail.com,TX
Mark Martinez,mark.martinez829@mail.com,TX
Patricia Anderson,patricia.anderson834@mail.com,TX
Sandra Martin,sandra.martin840@emailtest.org,TX
John Jackson,john.jackson842@mail.com,TX
Joseph Sanchez,joseph.sanchez853@dummyemail.com,TX
Thomas Moore,thomas.moore854@mail.com,TX
Lisa Garcia,lisa.garcia864@mail.com,TX
Matthew Davis,matthew.davis867@emailtest.org,TX
James Lewis,james.lewis868@mail.com,TX
John Anderson,john.anderson869@dummyemail.com,TX
Patricia Lopez,patricia.lopez878@dummyemail.com,TX
Margaret Anderson,margaret.anderson885@emailtest.org,TX
Sarah Miller,sarah.miller886@mail.com,TX
Patricia Williams,patricia.williams891@mail.com,TX
Michael Thomas,michael.thomas894@mail.com,TX
Patricia Lee,patricia.lee901@mail.com,TX
Elizabeth White,elizabeth.white902@dummyemail.com,TX
Matthew Jackson,matthew.jackson903@dummyemail.com,TX
Jennifer Martinez,jennifer.martinez904@mail.com,TX
Daniel Robinson,daniel.robinson910@mail.com,TX
Matthew Johnson,matthew.johnson915@testmail.com,TX
Karen Robinson,karen.robinson918@dummyemail.com,TX
John White,john.white923@emailtest.org,TX
Joseph Gonzalez,joseph.gonzalez927@mail.com,TX
Lisa Miller,lisa.miller931@dummyemail.com,TX
Elizabeth Davis,elizabeth.davis932@testmail.com,TX
Anthony Thomas,anthony.thomas934@dummyemail.com,TX
William Jackson,william.jackson938@testmail.com,TX
Jessica Martin,jessica.martin946@testmail.com,TX
Charles Wilson,charles.wilson950@emailtest.org,TX
Daniel Hernandez,daniel.hernandez952@emailtest.org,TX
Daniel Harris,daniel.harris962@dummyemail.com,TX
Jessica Anderson,jessica.anderson965@mail.com,TX
Thomas Martinez,thomas.martinez971@dummyemail.com,TX
David Gonzalez,david.gonzalez973@emailtest.org,TX
Linda Moore,linda.moore977@emailtest.org,TX
Michael Robinson,michael.robinson987@testmail.com,TX
Joseph Lopez,joseph.lopez989@dummyemail.com,TX
Linda White,linda.white993@example.com,TX
Barbara Jackson,barbara.jackson994@emailtest.org,TX
Susan Smith,susan.smith995@dummyemail.com,TX
Joseph Garcia,joseph.garcia1003@example.com,TX
William Perez,william.perez1009@mail.com,TX
Linda Anderson,linda.anderson1022@example.com,TX
John Harris,john.harris1027@mail.com,TX
Lisa Smith,lisa.smith1035@example.com,TX
Richard Lee,richard.lee1038@example.com,TX
Mark Taylor,mark.taylor1040@dummyemail.com,TX
Lisa Miller,lisa.miller1041@emailtest.org,TX
Betty Ramirez,betty.ramirez1042@testmail.com,TX
Sandra Garcia,sandra.garcia1048@mail.com,TX
Thomas Lee,thomas.lee1050@example.com,TX
Robert Brown,robert.brown1068@testmail.com,TX
Matthew Johnson,matthew.johnson1071@emailtest.org,TX
Richard Martinez,richard.martinez1072@testmail.com,TX
Michael Davis,michael.davis1078@mail.com,TX
Margaret Thomas,margaret.thomas1085@dummyemail.com,TX
Anthony Ramirez,anthony.ramirez1087@dummyemail.com,TX
Sandra Thompson,sandra.thompson1091@example.com,TX
Sandra Garcia,sandra.garcia1095@dummyemail.com,TX
Jennifer Taylor,jennifer.taylor1098@mail.com,TX
Barbara Ramirez,barbara.ramirez1108@mail.com,TX
Joseph Harris,joseph.harris1111@mail.com,TX
Betty Smith,betty.smith1113@mail.com,TX
Matthew Miller,matthew.miller1116@dummyemail.com,TX
Charles Ramirez,charles.ramirez1117@example.com,TX
Sarah Thomas,sarah.thomas1120@mail.com,TX
David Martinez,david.martinez1126@testmail.com,TX
Margaret Wilson,margaret.wilson1128@example.com,TX
Jessica Lee,jessica.lee1135@example.com,TX
Robert Hernandez,robert.hernandez1139@example.com,TX
Nancy Garcia,nancy.garcia1140@mail.com,TX
James Hernandez,james.hernandez1142@example.com,TX
Richard Clark,richard.clark1152@testmail.com,TX
Richard Lewis,richard.lewis1153@dummyemail.com,TX
Margaret Rodriguez,margaret.rodriguez1154@dummyemail.com,TX
Mary Brown,mary.brown1156@dummyemail.com,TX
James Clark,james.clark1159@example.com,TX
Barbara Anderson,barbara.anderson1161@example.com,TX
Margaret Sanchez,margaret.sanchez1162@testmail.com,TX
Mary Williams,mary.williams1170@mail.com,TX
Richard Clark,richard.clark1174@example.com,TX
Thomas Wilson,thomas.wilson1182@example.com,TX
Anthony Martin,anthony.martin1184@mail.com,TX
John Lewis,john.lewis1185@dummyemail.com,TX
Margaret Rodriguez,margaret.rodriguez1186@dummyemail.com,TX
Jennifer Gonzalez,jennifer.gonzalez1187@testmail.com,TX
Daniel Williams,daniel.williams1203@testmail.com,TX
Nancy Hernandez,nancy.hernandez1204@emailtest.org,TX
Joseph Thompson,joseph.thompson1205@emailtest.org,TX
John Lopez,john.lopez1212@mail.com,TX
Lisa Sanchez,lisa.sanchez1213@example.com,TX
Christopher White,christopher.white1214@mail.com,TX
Margaret Lee,margaret.lee1217@mail.com,TX
Margaret Perez,margaret.perez1218@testmail.com,TX
Christopher Wilson,christopher.wilson1219@example.com,TX
William Thomas,william.thomas1224@example.com,TX
Sarah Smith,sarah.smith1227@dummyemail.com,TX
Christopher Robinson,christopher.robinson1228@testmail.com,TX
Charles Gonzalez,charles.gonzalez1235@emailtest.org,TX
Margaret Williams,margaret.williams1238@testmail.com,TX
Mary Lewis,mary.lewis1240@emailtest.org,TX
John Perez,john.perez1250@emailtest.org,TX
Linda Moore,linda.moore1251@testmail.com,TX
William Clark,william.clark1252@emailtest.org,TX
Thomas Taylor,thomas.taylor1253@testmail.com,TX
Daniel Wilson,daniel.wilson1259@testmail.com,TX
Elizabeth Martinez,elizabeth.martinez1260@testmail.com,TX
James Davis,james.davis1261@emailtest.org,TX
James Harris,james.harris1263@example.com,TX
Susan Williams,susan.williams1271@mail.com,TX
Daniel Taylor,daniel.taylor1275@testmail.com,TX
Jennifer White,jennifer.white1278@testmail.com,TX
David Perez,david.perez1287@emailtest.org,TX
Sarah Jackson,sarah.jackson1288@dummyemail.com,TX
Sandra Jackson,sandra.jackson1290@dummyemail.com,TX
Christopher Clark,christopher.clark1293@dummyemail.com,TX
David Thompson,david.thompson1302@testmail.com,TX
Matthew Ramirez,matthew.ramirez1304@emailtest.org,TX
Richard Lewis,richard.lewis1313@dummyemail.com,TX
Mark Miller,mark.miller1314@testmail.com,TX
Margaret Davis,margaret.davis1319@testmail.com,TX
David Brown,david.brown1327@emailtest.org,TX
